Workbook

Sheet Station
A1: Stations | B1: Nom de la station | C1: Altitude | D1: idStation
B2: La Montagne | C2: 2500 | D2: 1 | E2: ="INSERT INTO `stations`(`idStation`, `nomSation`, `altitudeStation`) VALUES ("&D2&","""&B2&""","&C2&");" -> INSERT INTO `stations`(`idStation`, `nomSation`, `altitudeStation`) VALUES (1,"La Montagne",2500);
B3: Le Sud | C3: 200 | D3: 2 | E3: ="INSERT INTO `stations`(`idStation`, `nomSation`, `altitudeStation`) VALUES ("&D3&","""&B3&""","&C3&");" -> INSERT INTO `stations`(`idStation`, `nomSation`, `altitudeStation`) VALUES (2,"Le Sud",200);
B4: La Plage | C4: 10 | D4: 3 | E4: ="INSERT INTO `stations`(`idStation`, `nomSation`, `altitudeStation`) VALUES ("&D4&","""&B4&""","&C4&");" -> INSERT INTO `stations`(`idStation`, `nomSation`, `altitudeStation`) VALUES (3,"La Plage",10);
B5: Alpe d Huez | C5: 1860 | D5: 4 | E5: ="INSERT INTO `stations`(`idStation`, `nomSation`, `altitudeStation`) VALUES ("&D5&","""&B5&""","&C5&");" -> INSERT INTO `stations`(`idStation`, `nomSation`, `altitudeStation`) VALUES (4,"Alpe d Huez",1860);
B6: Areches | C6: 1200 | D6: 5 | E6: ="INSERT INTO `stations`(`idStation`, `nomSation`, `altitudeStation`) VALUES ("&D6&","""&B6&""","&C6&");" -> INSERT INTO `stations`(`idStation`, `nomSation`, `altitudeStation`) VALUES (5,"Areches",1200);
B7: Beaufort | C7: 1200 | D7: 6 | E7: ="INSERT INTO `stations`(`idStation`, `nomSation`, `altitudeStation`) VALUES ("&D7&","""&B7&""","&C7&");" -> INSERT INTO `stations`(`idStation`, `nomSation`, `altitudeStation`) VALUES (6,"Beaufort",1200);
B8: Aussois | C8: 1500 | D8: 7 | E8: ="INSERT INTO `stations`(`idStation`, `nomSation`, `altitudeStation`) VALUES ("&D8&","""&B8&""","&C8&");" -> INSERT INTO `stations`(`idStation`, `nomSation`, `altitudeStation`) VALUES (7,"Aussois",1500);
B9: Avoriaz | C9: 1800 | D9: 8 | E9: ="INSERT INTO `stations`(`idStation`, `nomSation`, `altitudeStation`) VALUES ("&D9&","""&B9&""","&C9&");" -> INSERT INTO `stations`(`idStation`, `nomSation`, `altitudeStation`) VALUES (8,"Avoriaz",1800);

Sheet Chambre
A1: Chambres | B1: identifiant | C1: Hotel | D1: Numero de chambre | E1: Capacite | F1: Type | G1: idHotel
B2: 1 | C2: Le Magnifique | D2: 101 | E2: 1 | F2: 1 | G2: =VLOOKUP(C2,Hotel!$C$2:$G$16,5,0) -> 1 | H2: ="INSERT INTO `chambres`(`idChambre`, `numChambre`, `typeChambre`, `capaciteChambre`, `idHotel`) VALUES ("&B2&","&D2&","&F2&","&E2&","&G2&");" -> INSERT INTO `chambres`(`idChambre`, `numChambre`, `typeChambre`, `capaciteChambre`, `idHotel`) VALUES (1,101,1,1,1);
B3: 2 | C3: Le Magnifique | D3: 102 | E3: 2 | F3: 1 | G3: =VLOOKUP(C3,Hotel!$C$2:$G$16,5,0) -> 1 | H3: ="INSERT INTO `chambres`(`idChambre`, `numChambre`, `typeChambre`, `capaciteChambre`, `idHotel`) VALUES ("&B3&","&D3&","&F3&","&E3&","&G3&");" -> INSERT INTO `chambres`(`idChambre`, `numChambre`, `typeChambre`, `capaciteChambre`, `idHotel`) VALUES (2,102,1,2,1);
B4: 3 | C4: Le Magnifique | D4: 103 | E4: 1 | F4: 1 | G4: =VLOOKUP(C4,Hotel!$C$2:$G$16,5,0) -> 1 | H4: ="INSERT INTO `chambres`(`idChambre`, `numChambre`, `typeChambre`, `capaciteChambre`, `idHotel`) VALUES ("&B4&","&D4&","&F4&","&E4&","&G4&");" -> INSERT INTO `chambres`(`idChambre`, `numChambre`, `typeChambre`, `capaciteChambre`, `idHotel`) VALUES (3,103,1,1,1);
B5: 4 | C5: Hotel du haut | D5: 104 | E5: 2 | F5: 1 | G5: =VLOOKUP(C5,Hotel!$C$2:$G$16,5,0) -> 2 | H5: ="INSERT INTO `chambres`(`idChambre`, `numChambre`, `typeChambre`, `capaciteChambre`, `idHotel`) VALUES ("&B5&","&D5&","&F5&","&E5&","&G5&");" -> INSERT INTO `chambres`(`idChambre`, `numChambre`, `typeChambre`, `capaciteChambre`, `idHotel`) VALUES (4,104,1,2,2);
B6: 5 | C6: Hotel du haut | D6: 105 | E6: 2 | F6: 1 | G6: =VLOOKUP(C6,Hotel!$C$2:$G$16,5,0) -> 2 | H6: ="INSERT INTO `chambres`(`idChambre`, `numChambre`, `typeChambre`, `capaciteChambre`, `idHotel`) VALUES ("&B6&","&D6&","&F6&","&E6&","&G6&");" -> INSERT INTO `chambres`(`idChambre`, `numChambre`, `typeChambre`, `capaciteChambre`, `idHotel`) VALUES (5,105,1,2,2);
B7: 6 | C7: Hotel du haut | D7: 106 | E7: 1 | F7: 1 | G7: =VLOOKUP(C7,Hotel!$C$2:$G$16,5,0) -> 2 | H7: ="INSERT INTO `chambres`(`idChambre`, `numChambre`, `typeChambre`, `capaciteChambre`, `idHotel`) VALUES ("&B7&","&D7&","&F7&","&E7&","&G7&");" -> INSERT INTO `chambres`(`idChambre`, `numChambre`, `typeChambre`, `capaciteChambre`, `idHotel`) VALUES (6,106,1,1,2);
B8: 7 | C8: Le Narval | D8: 107 | E8: 3 | F8: 1 | G8: =VLOOKUP(C8,Hotel!$C$2:$G$16,5,0) -> 3 | H8: ="INSERT INTO `chambres`(`idChambre`, `numChambre`, `typeChambre`, `capaciteChambre`, `idHotel`) VALUES ("&B8&","&D8&","&F8&","&E8&","&G8&");" -> INSERT INTO `chambres`(`idChambre`, `numChambre`, `typeChambre`, `capaciteChambre`, `idHotel`) VALUES (7,107,1,3,3);
B9: 8 | C9: Le Narval | D9: 108 | E9: 1 | F9: 1 | G9: =VLOOKUP(C9,Hotel!$C$2:$G$16,5,0) -> 3 | H9: ="INSERT INTO `chambres`(`idChambre`, `numChambre`, `typeChambre`, `capaciteChambre`, `idHotel`) VALUES ("&B9&","&D9&","&F9&","&E9&","&G9&");" -> INSERT INTO `chambres`(`idChambre`, `numChambre`, `typeChambre`, `capaciteChambre`, `idHotel`) VALUES (8,108,1,1,3);
B10: 9 | C10: Le Narval | D10: 109 | E10: 2 | F10: 1 | G10: =VLOOKUP(C10,Hotel!$C$2:$G$16,5,0) -> 3 | H10: ="INSERT INTO `chambres`(`idChambre`, `numChambre`, `typeChambre`, `capaciteChambre`, `idHotel`) VALUES ("&B10&","&D10&","&F10&","&E10&","&G10&");" -> INSERT INTO `chambres`(`idChambre`, `numChambre`, `typeChambre`, `capaciteChambre`, `idHotel`) VALUES (9,109,1,2,3);
B11: 10 | C11: Les Pissenlis | D11: 235 | E11: 1 | F11: 1 | G11: =VLOOKUP(C11,Hotel!$C$2:$G$16,5,0) -> 4 | H11: ="INSERT INTO `chambres`(`idChambre`, `numChambre`, `typeChambre`, `capaciteChambre`, `idHotel`) VALUES ("&B11&","&D11&","&F11&","&E11&","&G11&");" -> INSERT INTO `chambres`(`idChambre`, `numChambre`, `typeChambre`, `capaciteChambre`, `idHotel`) VALUES (10,235,1,1,4);
B12: 11 | C12: Les Pissenlis | D12: 157 | E12: 1 | F12: 1 | G12: =VLOOKUP(C12,Hotel!$C$2:$G$16,5,0) -> 4 | H12: ="INSERT INTO `chambres`(`idChambre`, `numChambre`, `typeChambre`, `capaciteChambre`, `idHotel`) VALUES ("&B12&","&D12&","&F12&","&E12&","&G12&");" -> INSERT INTO `chambres`(`idChambre`, `numChambre`, `typeChambre`, `capaciteChambre`, `idHotel`) VALUES (11,157,1,1,4);
B13: 12 | C13: Le Beau Rivage | D13: 874 | E13: 1 | F13: 1 | G13: =VLOOKUP(C13,Hotel!$C$2:$G$16,5,0) -> 7 | H13: ="INSERT INTO `chambres`(`idChambre`, `numChambre`, `typeChambre`, `capaciteChambre`, `idHotel`) VALUES ("&B13&","&D13&","&F13&","&E13&","&G13&");" -> INSERT INTO `chambres`(`idChambre`, `numChambre`, `typeChambre`, `capaciteChambre`, `idHotel`) VALUES (12,874,1,1,7);
... B40: 39 | C40: Residence les panoramas | D40: 125 | E40: 2 | F40: 1 | G40: =VLOOKUP(C40,Hotel!$C$2:$G$16,5,0) -> 10 | H40: ="INSERT INTO `chambres`(`idChambre`, `numChambre`, `typeChambre`, `capaciteChambre`, `idHotel`) VALUES ("&B40&","&D40&","&F40&","&E40&","&G40&");" -> INSERT INTO `chambres`(`idChambre`, `numChambre`, `typeChambre`, `capaciteChambre`, `idHotel`) VALUES (39,125,1,2,10);

Sheet Reservations
A1: Reservations | B1: idReservation | C1: idChambre | D1: Client | E1: idClient | F1: Date reservation | G1: DateReservationOK | H1: Date debut sejour | I1: DateDebutOK | J1: Date fin sejour | K1: dateFinOK | L1: Prix | M1: arrhes
B2: 4 | C2: 1 | D2: PAUL | E2: =VLOOKUP(D2,Client!$B$2:$F$21,5,0) -> 3 | F2: 43773.797 | G2: =TEXT(F2,"aaaa-mm-jj") -> 2019-11-04 | H2: 43782.625 | I2: =TEXT(H2,"aaaa-mm-jj") -> 2019-11-13 | J2: 43786.354 | K2: =TEXT(J2,"aaaa-mm-jj") -> 2019-11-17 | L2: 400 | M2: 50 | N2: ="INSERT INTO `reservations`(`idReservation`, `idChambre`, `idClient`, `dateReservation`, `dateDebutSejour`, `dateFinSejour`, `prixSejour`, `arrhes`) VALUES ("&B2&","&C2&","&E2&","""&G2&""","""&I2&""","""&K2&""","&L2&","&M2&");" -> INSERT INTO `reservations`(`idReservation`, `idChambre`, `idClient`, `dateReservation`, `dateDebutSejour`, `dateFinSejour`, `prixSejour`, `arrhes`) VALUES (4,1,3,"2019-11-04","2019-11-13","2019-11-17",400,50);
B3: 3 | C3: 1 | D3: DOE | E3: =VLOOKUP(D3,Client!$B$2:$F$21,5,0) -> 1 | F3: 43575.346 | G3: =TEXT(F3,"aaaa-mm-jj") -> 2019-04-20 | H3: 43592.884 | I3: =TEXT(H3,"aaaa-mm-jj") -> 2019-05-07 | J3: 43594.664 | K3: =TEXT(J3,"aaaa-mm-jj") -> 2019-05-09 | L3: 2400 | M3: 800 | N3: ="INSERT INTO `reservations`(`idReservation`, `idChambre`, `idClient`, `dateReservation`, `dateDebutSejour`, `dateFinSejour`, `prixSejour`, `arrhes`) VALUES ("&B3&","&C3&","&E3&","""&G3&""","""&I3&""","""&K3&""","&L3&","&M3&");" -> INSERT INTO `reservations`(`idReservation`, `idChambre`, `idClient`, `dateReservation`, `dateDebutSejour`, `dateFinSejour`, `prixSejour`, `arrhes`) VALUES (3,1,1,"2019-04-20","2019-05-07","2019-05-09",2400,800);
B4: 5 | C4: 2 | D4: HOMME | E4: =VLOOKUP(D4,Client!$B$2:$F$21,5,0) -> 2 | F4: 43841.057 | G4: =TEXT(F4,"aaaa-mm-jj") -> 2020-01-11 | H4: 43873.387 | I4: =TEXT(H4,"aaaa-mm-jj") -> 2020-02-12 | J4: 43879.656 | K4: =TEXT(J4,"aaaa-mm-jj") -> 2020-02-18 | L4: 3400 | M4: 100 | N4: ="INSERT INTO `reservations`(`idReservation`, `idChambre`, `idClient`, `dateReservation`, `dateDebutSejour`, `dateFinSejour`, `prixSejour`, `arrhes`) VALUES ("&B4&","&C4&","&E4&","""&G4&""","""&I4&""","""&K4&""","&L4&","&M4&");" -> INSERT INTO `reservations`(`idReservation`, `idChambre`, `idClient`, `dateReservation`, `dateDebutSejour`, `dateFinSejour`, `prixSejour`, `arrhes`) VALUES (5,2,2,"2020-01-11","2020-02-12","2020-02-18",3400,100);
B5: 6 | C5: 2 | D5: WHITE | E5: =VLOOKUP(D5,Client!$B$2:$F$21,5,0) -> 4 | F5: 43635.449 | G5: =TEXT(F5,"aaaa-mm-jj") -> 2019-06-19 | H5: 43682.677 | I5: =TEXT(H5,"aaaa-mm-jj") -> 2019-08-05 | J5: 43695.585 | K5: =TEXT(J5,"aaaa-mm-jj") -> 2019-08-18 | L5: 7200 | M5: 180 | N5: ="INSERT INTO `reservations`(`idReservation`, `idChambre`, `idClient`, `dateReservation`, `dateDebutSejour`, `dateFinSejour`, `prixSejour`, `arrhes`) VALUES ("&B5&","&C5&","&E5&","""&G5&""","""&I5&""","""&K5&""","&L5&","&M5&");" -> INSERT INTO `reservations`(`idReservation`, `idChambre`, `idClient`, `dateReservation`, `dateDebutSejour`, `dateFinSejour`, `prixSejour`, `arrhes`) VALUES (6,2,4,"2019-06-19","2019-08-05","2019-08-18",7200,180);
B6: 7 | C6: 3 | D6: CLAYPOOL | E6: =VLOOKUP(D6,Client!$B$2:$F$21,5,0) -> 5 | F6: 43557.813 | G6: =TEXT(F6,"aaaa-mm-jj") -> 2019-04-02 | H6: 43584.717 | I6: =TEXT(H6,"aaaa-mm-jj") -> 2019-04-29 | J6: 43588.1 | K6: =TEXT(J6,"aaaa-mm-jj") -> 2019-05-03 | L6: 1400 | M6: 450 | N6: ="INSERT INTO `reservations`(`idReservation`, `idChambre`, `idClient`, `dateReservation`, `dateDebutSejour`, `dateFinSejour`, `prixSejour`, `arrhes`) VALUES ("&B6&","&C6&","&E6&","""&G6&""","""&I6&""","""&K6&""","&L6&","&M6&");" -> INSERT INTO `reservations`(`idReservation`, `idChambre`, `idClient`, `dateReservation`, `dateDebutSejour`, `dateFinSejour`, `prixSejour`, `arrhes`) VALUES (7,3,5,"2019-04-02","2019-04-29","2019-05-03",1400,450);
B7: 8 | C7: 4 | D7: SQUIRE | E7: =VLOOKUP(D7,Client!$B$2:$F$21,5,0) -> 6 | F7: 43758.573 | G7: =TEXT(F7,"aaaa-mm-jj") -> 2019-10-20 | H7: 43800.948 | I7: =TEXT(H7,"aaaa-mm-jj") -> 2019-12-01 | J7: 43814.133 | K7: =TEXT(J7,"aaaa-mm-jj") -> 2019-12-15 | L7: 2400 | M7: 780 | N7: ="INSERT INTO `reservations`(`idReservation`, `idChambre`, `idClient`, `dateReservation`, `dateDebutSejour`, `dateFinSejour`, `prixSejour`, `arrhes`) VALUES ("&B7&","&C7&","&E7&","""&G7&""","""&I7&""","""&K7&""","&L7&","&M7&");" -> INSERT INTO `reservations`(`idReservation`, `idChambre`, `idClient`, `dateReservation`, `dateDebutSejour`, `dateFinSejour`, `prixSejour`, `arrhes`) VALUES (8,4,6,"2019-10-20","2019-12-01","2019-12-15",2400,780);
B8: 9 | C8: 4 | D8: SQUIRE | E8: =VLOOKUP(D8,Client!$B$2:$F$21,5,0) -> 6 | F8: 43523.018 | G8: =TEXT(F8,"aaaa-mm-jj") -> 2019-02-27 | H8: 43555.562 | I8: =TEXT(H8,"aaaa-mm-jj") -> 2019-03-31 | J8: 43559.659 | K8: =TEXT(J8,"aaaa-mm-jj") -> 2019-04-04 | L8: 500 | M8: 80 | N8: ="INSERT INTO `reservations`(`idReservation`, `idChambre`, `idClient`, `dateReservation`, `dateDebutSejour`, `dateFinSejour`, `prixSejour`, `arrhes`) VALUES ("&B8&","&C8&","&E8&","""&G8&""","""&I8&""","""&K8&""","&L8&","&M8&");" -> INSERT INTO `reservations`(`idReservation`, `idChambre`, `idClient`, `dateReservation`, `dateDebutSejour`, `dateFinSejour`, `prixSejour`, `arrhes`) VALUES (9,4,6,"2019-02-27","2019-03-31","2019-04-04",500,80);
B9: 10 | C9: 4 | D9: THUNDERS | E9: =VLOOKUP(D9,Client!$B$2:$F$21,5,0) -> 8 | F9: 43667.382 | G9: =TEXT(F9,"aaaa-mm-jj") -> 2019-07-21 | H9: 43693.246 | I9: =TEXT(H9,"aaaa-mm-jj") -> 2019-08-16 | J9: 43693.534 | K9: =TEXT(J9,"aaaa-mm-jj") -> 2019-08-16 | L9: 40 | M9: 0 | N9: ="INSERT INTO `reservations`(`idReservation`, `idChambre`, `idClient`, `dateReservation`, `dateDebutSejour`, `dateFinSejour`, `prixSejour`, `arrhes`) VALUES ("&B9&","&C9&","&E9&","""&G9&""","""&I9&""","""&K9&""","&L9&","&M9&");" -> INSERT INTO `reservations`(`idReservation`, `idChambre`, `idClient`, `dateReservation`, `dateDebutSejour`, `dateFinSejour`, `prixSejour`, `arrhes`) VALUES (10,4,8,"2019-07-21","2019-08-16","2019-08-16",40,0);
B10: 11 | C10: 8 | D10: BARBOTIN | E10: =VLOOKUP(D10,Client!$B$2:$F$21,5,0) -> 15 | F10: 43750.94 | G10: =TEXT(F10,"aaaa-mm-jj") -> 2019-10-12 | H10: 43792.137 | I10: =TEXT(H10,"aaaa-mm-jj") -> 2019-11-23 | J10: 43798.874 | K10: =TEXT(J10,"aaaa-mm-jj") -> 2019-11-29 | L10: 580 | M10: 58 | N10: ="INSERT INTO `reservations`(`idReservation`, `idChambre`, `idClient`, `dateReservation`, `dateDebutSejour`, `dateFinSejour`, `prixSejour`, `arrhes`) VALUES ("&B10&","&C10&","&E10&","""&G10&""","""&I10&""","""&K10&""","&L10&","&M10&");" -> INSERT INTO `reservations`(`idReservation`, `idChambre`, `idClient`, `dateReservation`, `dateDebutSejour`, `dateFinSejour`, `prixSejour`, `arrhes`) VALUES (11,8,15,"2019-10-12","2019-11-23","2019-11-29",580,58);
B11: 12 | C11: 9 | D11: CAMARA | E11: =VLOOKUP(D11,Client!$B$2:$F$21,5,0) -> 17 | F11: 43821.543 | G11: =TEXT(F11,"aaaa-mm-jj") -> 2019-12-22 | H11: 43857.849 | I11: =TEXT(H11,"aaaa-mm-jj") -> 2020-01-27 | J11: 43860.386 | K11: =TEXT(J11,"aaaa-mm-jj") -> 2020-01-30 | L11: 140 | M11: 14 | N11: ="INSERT INTO `reservations`(`idReservation`, `idChambre`, `idClient`, `dateReservation`, `dateDebutSejour`, `dateFinSejour`, `prixSejour`, `arrhes`) VALUES ("&B11&","&C11&","&E11&","""&G11&""","""&I11&""","""&K11&""","&L11&","&M11&");" -> INSERT INTO `reservations`(`idReservation`, `idChambre`, `idClient`, `dateReservation`, `dateDebutSejour`, `dateFinSejour`, `prixSejour`, `arrhes`) VALUES (12,9,17,"2019-12-22","2020-01-27","2020-01-30",140,14);
B12: 13 | C12: 8 | D12: BARBOTIN | E12: =VLOOKUP(D12,Client!$B$2:$F$21,5,0) -> 15 | F12: 43667.656 | G12: =TEXT(F12,"aaaa-mm-jj") -> 2019-07-21 | H12: 43695.231 | I12: =TEXT(H12,"aaaa-mm-jj") -> 2019-08-18 | J12: 43698.042 | K12: =TEXT(J12,"aaaa-mm-jj") -> 2019-08-21 | L12: 360 | M12: 36 | N12: ="INSERT INTO `reservations`(`idReservation`, `idChambre`, `idClient`, `dateReservation`, `dateDebutSejour`, `dateFinSejour`, `prixSejour`, `arrhes`) VALUES ("&B12&","&C12&","&E12&","""&G12&""","""&I12&""","""&K12&""","&L12&","&M12&");" -> INSERT INTO `reservations`(`idReservation`, `idChambre`, `idClient`, `dateReservation`, `dateDebutSejour`, `dateFinSejour`, `prixSejour`, `arrhes`) VALUES (13,8,15,"2019-07-21","2019-08-18","2019-08-21",360,36);
B13: 14 | C13: 4 | D13: CIUNTU | E13: =VLOOKUP(D13,Client!$B$2:$F$21,5,0) -> 20 | F13: 43475.33 | G13: =TEXT(F13,"aaaa-mm-jj") -> 2019-01-10 | H13: 43516.077 | I13: =TEXT(H13,"aaaa-mm-jj") -> 2019-02-20 | J13: 43525.997 | K13: =TEXT(J13,"aaaa-mm-jj") -> 2019-03-01 | L13: 1380 | M13: 138 | N13: ="INSERT INTO `reservations`(`idReservation`, `idChambre`, `idClient`, `dateReservation`, `dateDebutSejour`, `dateFinSejour`, `prixSejour`, `arrhes`) VALUES ("&B13&","&C13&","&E13&","""&G13&""","""&I13&""","""&K13&""","&L13&","&M13&");" -> INSERT INTO `reservations`(`idReservation`, `idChambre`, `idClient`, `dateReservation`, `dateDebutSejour`, `dateFinSejour`, `prixSejour`, `arrhes`) VALUES (14,4,20,"2019-01-10","2019-02-20","2019-03-01",1380,138);
... B40: 41 | C40: 20 | D40: BARBOTIN | E40: =VLOOKUP(D40,Client!$B$2:$F$21,5,0) -> 15 | F40: 43843.146 | G40: =TEXT(F40,"aaaa-mm-jj") -> 2020-01-13 | H40: 43860.699 | I40: =TEXT(H40,"aaaa-mm-jj") -> 2020-01-30 | J40: 43875.316 | K40: =TEXT(J40,"aaaa-mm-jj") -> 2020-02-14 | L40: 390 | M40: 39 | N40: ="INSERT INTO `reservations`(`idReservation`, `idChambre`, `idClient`, `dateReservation`, `dateDebutSejour`, `dateFinSejour`, `prixSejour`, `arrhes`) VALUES ("&B40&","&C40&","&E40&","""&G40&""","""&I40&""","""&K40&""","&L40&","&M40&");" -> INSERT INTO `reservations`(`idReservation`, `idChambre`, `idClient`, `dateReservation`, `dateDebutSejour`, `dateFinSejour`, `prixSejour`, `arrhes`) VALUES (41,20,15,"2020-01-13","2020-01-30","2020-02-14",390,39);

Sheet Client
A1: Client | B1: Nom | C1: Prénom | D1: Adresse | E1: Ville | F1: idClient
B2: DOE | C2: John | D2: Rue Du General Leclerc | E2: Chatenay Malabry | F2: 1 | G2: ="INSERT INTO `clients`(`idClient`, `nomClient`, `prenomClient`, `adresseClient`, `villeClient`) VALUES ("&F2&","""&B2&""","""&C2&""","""&D2&""","""&E2&""");" -> INSERT INTO `clients`(`idClient`, `nomClient`, `prenomClient`, `adresseClient`, `villeClient`) VALUES (1,"DOE","John","Rue Du General Leclerc","Chatenay Malabry");
B3: HOMME | C3: Josh | D3: Rue Danton | E3: Palm Desert | F3: 2 | G3: ="INSERT INTO `clients`(`idClient`, `nomClient`, `prenomClient`, `adresseClient`, `villeClient`) VALUES ("&F3&","""&B3&""","""&C3&""","""&D3&""","""&E3&""");" -> INSERT INTO `clients`(`idClient`, `nomClient`, `prenomClient`, `adresseClient`, `villeClient`) VALUES (2,"HOMME","Josh","Rue Danton","Palm Desert");
B4: PAUL | C4: Weller | D4: Rue Hoche | E4: Londres | F4: 3 | G4: ="INSERT INTO `clients`(`idClient`, `nomClient`, `prenomClient`, `adresseClient`, `villeClient`) VALUES ("&F4&","""&B4&""","""&C4&""","""&D4&""","""&E4&""");" -> INSERT INTO `clients`(`idClient`, `nomClient`, `prenomClient`, `adresseClient`, `villeClient`) VALUES (3,"PAUL","Weller","Rue Hoche","Londres");
B5: WHITE | C5: Jack | D5: Allee Gustave Eiffel | E5: Detroit | F5: 4 | G5: ="INSERT INTO `clients`(`idClient`, `nomClient`, `prenomClient`, `adresseClient`, `villeClient`) VALUES ("&F5&","""&B5&""","""&C5&""","""&D5&""","""&E5&""");" -> INSERT INTO `clients`(`idClient`, `nomClient`, `prenomClient`, `adresseClient`, `villeClient`) VALUES (4,"WHITE","Jack","Allee Gustave Eiffel","Detroit");
B6: CLAYPOOL | C6: Les | D6: Rue Jean Pierre Timbaud | E6: San Francisco | F6: 5 | G6: ="INSERT INTO `clients`(`idClient`, `nomClient`, `prenomClient`, `adresseClient`, `villeClient`) VALUES ("&F6&","""&B6&""","""&C6&""","""&D6&""","""&E6&""");" -> INSERT INTO `clients`(`idClient`, `nomClient`, `prenomClient`, `adresseClient`, `villeClient`) VALUES (5,"CLAYPOOL","Les","Rue Jean Pierre Timbaud","San Francisco");
B7: SQUIRE | C7: Chris | D7: Place Paul Vaillant Couturier | E7: Londres | F7: 6 | G7: ="INSERT INTO `clients`(`idClient`, `nomClient`, `prenomClient`, `adresseClient`, `villeClient`) VALUES ("&F7&","""&B7&""","""&C7&""","""&D7&""","""&E7&""");" -> INSERT INTO `clients`(`idClient`, `nomClient`, `prenomClient`, `adresseClient`, `villeClient`) VALUES (6,"SQUIRE","Chris","Place Paul Vaillant Couturier","Londres");
B8: WOOD | C8: Ronnie | D8: Rue Erevan | E8: Londres | F8: 7 | G8: ="INSERT INTO `clients`(`idClient`, `nomClient`, `prenomClient`, `adresseClient`, `villeClient`) VALUES ("&F8&","""&B8&""","""&C8&""","""&D8&""","""&E8&""");" -> INSERT INTO `clients`(`idClient`, `nomClient`, `prenomClient`, `adresseClient`, `villeClient`) VALUES (7,"WOOD","Ronnie","Rue Erevan","Londres");
B9: THUNDERS | C9: Johnny | D9: Rue Du General Leclerc | E9: New York | F9: 8 | G9: ="INSERT INTO `clients`(`idClient`, `nomClient`, `prenomClient`, `adresseClient`, `villeClient`) VALUES ("&F9&","""&B9&""","""&C9&""","""&D9&""","""&E9&""");" -> INSERT INTO `clients`(`idClient`, `nomClient`, `prenomClient`, `adresseClient`, `villeClient`) VALUES (8,"THUNDERS","Johnny","Rue Du General Leclerc","New York");
B10: JEUNEMAITRE | C10: Eric | D10: Rue Du General Leclerc | E10: Chaville | F10: 9 | G10: ="INSERT INTO `clients`(`idClient`, `nomClient`, `prenomClient`, `adresseClient`, `villeClient`) VALUES ("&F10&","""&B10&""","""&C10&""","""&D10&""","""&E10&""");" -> INSERT INTO `clients`(`idClient`, `nomClient`, `prenomClient`, `adresseClient`, `villeClient`) VALUES (9,"JEUNEMAITRE","Eric","Rue Du General Leclerc","Chaville");
B11: KARAM | C11: Patrick | D11: Rue Danton | E11: Courbevoie | F11: 10 | G11: ="INSERT INTO `clients`(`idClient`, `nomClient`, `prenomClient`, `adresseClient`, `villeClient`) VALUES ("&F11&","""&B11&""","""&C11&""","""&D11&""","""&E11&""");" -> INSERT INTO `clients`(`idClient`, `nomClient`, `prenomClient`, `adresseClient`, `villeClient`) VALUES (10,"KARAM","Patrick","Rue Danton","Courbevoie");
B12: RUFET | C12: Corinne | D12: Rue Hoche | E12: Le Plessis Robinson | F12: 11 | G12: ="INSERT INTO `clients`(`idClient`, `nomClient`, `prenomClient`, `adresseClient`, `villeClient`) VALUES ("&F12&","""&B12&""","""&C12&""","""&D12&""","""&E12&""");" -> INSERT INTO `clients`(`idClient`, `nomClient`, `prenomClient`, `adresseClient`, `villeClient`) VALUES (11,"RUFET","Corinne","Rue Hoche","Le Plessis Robinson");
B13: SAINT JUST | C13: Wallerand | D13: Allee Gustave Eiffel | E13: Marnes La Coquette | F13: 12 | G13: ="INSERT INTO `clients`(`idClient`, `nomClient`, `prenomClient`, `adresseClient`, `villeClient`) VALUES ("&F13&","""&B13&""","""&C13&""","""&D13&""","""&E13&""");" -> INSERT INTO `clients`(`idClient`, `nomClient`, `prenomClient`, `adresseClient`, `villeClient`) VALUES (12,"SAINT JUST ","Wallerand","Allee Gustave Eiffel","Marnes La Coquette");
... B21: CIUNTU | C21: Marie-Carole | D21: Esplanade Du Belvedere | E21: Meudon | F21: 20 | G21: ="INSERT INTO `clients`(`idClient`, `nomClient`, `prenomClient`, `adresseClient`, `villeClient`) VALUES ("&F21&","""&B21&""","""&C21&""","""&D21&""","""&E21&""");" -> INSERT INTO `clients`(`idClient`, `nomClient`, `prenomClient`, `adresseClient`, `villeClient`) VALUES (20,"CIUNTU","Marie-Carole","Esplanade Du Belvedere","Meudon");

Sheet Hotel
A1: Hotel | B1: Station | C1: Nom | D1: Categorie | E1: Adresse | F1: Ville | G1: idHotel | H1: idStation
B2: La Montagne | C2: Le Magnifique | D2: 3 | E2: rue du bas | F2: Pralo | G2: 1 | H2: =VLOOKUP(B2,Station!$B$2:$D$9,3,0) -> 1 | I2: ="INSERT INTO `hotels`(`idHotel`, `nomHotel`, `categorieHotel`, `adresseHotel`, `villeHotel`, `idStation`) VALUES ("&G2&","""&C2&""","&D2&","""&E2&""","""&F2&""","&H2&");" -> INSERT INTO `hotels`(`idHotel`, `nomHotel`, `categorieHotel`, `adresseHotel`, `villeHotel`, `idStation`) VALUES (1,"Le Magnifique",3,"rue du bas","Pralo",1);
B3: La Montagne | C3: Hotel du haut | D3: 1 | E3: rue du haut | F3: Pralo | G3: 2 | H3: =VLOOKUP(B3,Station!$B$2:$D$9,3,0) -> 1 | I3: ="INSERT INTO `hotels`(`idHotel`, `nomHotel`, `categorieHotel`, `adresseHotel`, `villeHotel`, `idStation`) VALUES ("&G3&","""&C3&""","&D3&","""&E3&""","""&F3&""","&H3&");" -> INSERT INTO `hotels`(`idHotel`, `nomHotel`, `categorieHotel`, `adresseHotel`, `villeHotel`, `idStation`) VALUES (2,"Hotel du haut",1,"rue du haut","Pralo",1);
B4: Le Sud | C4: Le Narval | D4: 3 | E4: place de la liberation | F4: Vonten | G4: 3 | H4: =VLOOKUP(B4,Station!$B$2:$D$9,3,0) -> 2 | I4: ="INSERT INTO `hotels`(`idHotel`, `nomHotel`, `categorieHotel`, `adresseHotel`, `villeHotel`, `idStation`) VALUES ("&G4&","""&C4&""","&D4&","""&E4&""","""&F4&""","&H4&");" -> INSERT INTO `hotels`(`idHotel`, `nomHotel`, `categorieHotel`, `adresseHotel`, `villeHotel`, `idStation`) VALUES (3,"Le Narval",3,"place de la liberation","Vonten",2);
B5: Le Sud | C5: Les Pissenlis | D5: 4 | E5: place du 14 juillet | F5: Bretou | G5: 4 | H5: =VLOOKUP(B5,Station!$B$2:$D$9,3,0) -> 2 | I5: ="INSERT INTO `hotels`(`idHotel`, `nomHotel`, `categorieHotel`, `adresseHotel`, `villeHotel`, `idStation`) VALUES ("&G5&","""&C5&""","&D5&","""&E5&""","""&F5&""","&H5&");" -> INSERT INTO `hotels`(`idHotel`, `nomHotel`, `categorieHotel`, `adresseHotel`, `villeHotel`, `idStation`) VALUES (4,"Les Pissenlis",4,"place du 14 juillet","Bretou",2);
B6: Le Sud | C6: RR Hotel | D6: 5 | E6: place du bas | F6: Bretou | G6: 5 | H6: =VLOOKUP(B6,Station!$B$2:$D$9,3,0) -> 2 | I6: ="INSERT INTO `hotels`(`idHotel`, `nomHotel`, `categorieHotel`, `adresseHotel`, `villeHotel`, `idStation`) VALUES ("&G6&","""&C6&""","&D6&","""&E6&""","""&F6&""","&H6&");" -> INSERT INTO `hotels`(`idHotel`, `nomHotel`, `categorieHotel`, `adresseHotel`, `villeHotel`, `idStation`) VALUES (5,"RR Hotel",5,"place du bas","Bretou",2);
B7: Le Sud | C7: La Brique | D7: 2 | E7: place du haut | F7: Bretou | G7: 6 | H7: =VLOOKUP(B7,Station!$B$2:$D$9,3,0) -> 2 | I7: ="INSERT INTO `hotels`(`idHotel`, `nomHotel`, `categorieHotel`, `adresseHotel`, `villeHotel`, `idStation`) VALUES ("&G7&","""&C7&""","&D7&","""&E7&""","""&F7&""","&H7&");" -> INSERT INTO `hotels`(`idHotel`, `nomHotel`, `categorieHotel`, `adresseHotel`, `villeHotel`, `idStation`) VALUES (6,"La Brique",2,"place du haut","Bretou",2);
B8: La Plage | C8: Le Beau Rivage | D8: 3 | E8: place du centre | F8: Toras | G8: 7 | H8: =VLOOKUP(B8,Station!$B$2:$D$9,3,0) -> 3 | I8: ="INSERT INTO `hotels`(`idHotel`, `nomHotel`, `categorieHotel`, `adresseHotel`, `villeHotel`, `idStation`) VALUES ("&G8&","""&C8&""","&D8&","""&E8&""","""&F8&""","&H8&");" -> INSERT INTO `hotels`(`idHotel`, `nomHotel`, `categorieHotel`, `adresseHotel`, `villeHotel`, `idStation`) VALUES (7,"Le Beau Rivage",3,"place du centre","Toras",3);
B9: Beaufort | C9: Residence les marmottes | D9: 1 | E9: 1 Chemin des randonneurs | F9: Alpe d Huez | G9: 8 | H9: =VLOOKUP(B9,Station!$B$2:$D$9,3,0) -> 6 | I9: ="INSERT INTO `hotels`(`idHotel`, `nomHotel`, `categorieHotel`, `adresseHotel`, `villeHotel`, `idStation`) VALUES ("&G9&","""&C9&""","&D9&","""&E9&""","""&F9&""","&H9&");" -> INSERT INTO `hotels`(`idHotel`, `nomHotel`, `categorieHotel`, `adresseHotel`, `villeHotel`, `idStation`) VALUES (8,"Residence les marmottes",1,"1 Chemin des randonneurs","Alpe d Huez",6);
B10: Le Sud | C10: Residence les edelweiss | D10: 5 | E10: 2 Rue des sapins | F10: Areches | G10: 9 | H10: =VLOOKUP(B10,Station!$B$2:$D$9,3,0) -> 2 | I10: ="INSERT INTO `hotels`(`idHotel`, `nomHotel`, `categorieHotel`, `adresseHotel`, `villeHotel`, `idStation`) VALUES ("&G10&","""&C10&""","&D10&","""&E10&""","""&F10&""","&H10&");" -> INSERT INTO `hotels`(`idHotel`, `nomHotel`, `categorieHotel`, `adresseHotel`, `villeHotel`, `idStation`) VALUES (9,"Residence les edelweiss",5,"2 Rue des sapins","Areches",2);
B11: Le Sud | C11: Residence les panoramas | D11: 4 | E11: 7 Avenue de la neige | F11: Beaufort | G11: 10 | H11: =VLOOKUP(B11,Station!$B$2:$D$9,3,0) -> 2 | I11: ="INSERT INTO `hotels`(`idHotel`, `nomHotel`, `categorieHotel`, `adresseHotel`, `villeHotel`, `idStation`) VALUES ("&G11&","""&C11&""","&D11&","""&E11&""","""&F11&""","&H11&");" -> INSERT INTO `hotels`(`idHotel`, `nomHotel`, `categorieHotel`, `adresseHotel`, `villeHotel`, `idStation`) VALUES (10,"Residence les panoramas",4,"7 Avenue de la neige","Beaufort",2);
B12: Alpe d Huez | C12: Residence les sapins | D12: 5 | E12: 8 Chemin des pissenlits | F12: Aussois | G12: 11 | H12: =VLOOKUP(B12,Station!$B$2:$D$9,3,0) -> 4 | I12: ="INSERT INTO `hotels`(`idHotel`, `nomHotel`, `categorieHotel`, `adresseHotel`, `villeHotel`, `idStation`) VALUES ("&G12&","""&C12&""","&D12&","""&E12&""","""&F12&""","&H12&");" -> INSERT INTO `hotels`(`idHotel`, `nomHotel`, `categorieHotel`, `adresseHotel`, `villeHotel`, `idStation`) VALUES (11,"Residence les sapins",5,"8 Chemin des pissenlits","Aussois",4);
B13: La Plage | C13: Chalets les marmottes | D13: 3 | E13: 10 Rue des etables | F13: Avoriaz | G13: 12 | H13: =VLOOKUP(B13,Station!$B$2:$D$9,3,0) -> 3 | I13: ="INSERT INTO `hotels`(`idHotel`, `nomHotel`, `categorieHotel`, `adresseHotel`, `villeHotel`, `idStation`) VALUES ("&G13&","""&C13&""","&D13&","""&E13&""","""&F13&""","&H13&");" -> INSERT INTO `hotels`(`idHotel`, `nomHotel`, `categorieHotel`, `adresseHotel`, `villeHotel`, `idStation`) VALUES (12,"Chalets les marmottes",3,"10 Rue des etables","Avoriaz",3);
... B16: Avoriaz | C16: Chalets les sapins | D16: 5 | E16: 3 Rue des pissenlits | F16: Beaufort | G16: 15 | H16: =VLOOKUP(B16,Station!$B$2:$D$9,3,0) -> 8 | I16: ="INSERT INTO `hotels`(`idHotel`, `nomHotel`, `categorieHotel`, `adresseHotel`, `villeHotel`, `idStation`) VALUES ("&G16&","""&C16&""","&D16&","""&E16&""","""&F16&""","&H16&");" -> INSERT INTO `hotels`(`idHotel`, `nomHotel`, `categorieHotel`, `adresseHotel`, `villeHotel`, `idStation`) VALUES (15,"Chalets les sapins",5,"3 Rue des pissenlits","Beaufort",8);
